name,type,avg_price_per_sqm,past_growth_rate,rental_yield_min,rental_yield_max,liquidity_score
1B,suburb,7051.68,2.69,5.31,6.31,74.36
1C,city,7972.34,2.95,5.96,6.96,57.46
1D,island,4976.11,4.66,5.45,6.45,53.3
1E,city,7239.43,2.8,4.7,5.7,65.94
1F,city,1841.51,5.44,5.76,6.76,31.29
Abu Qrayn,city,11.2,4.34,6.09,7.09,83.22
Abu Rahma,waterfront,1523.57,3.86,6.42,7.42,33.07
Ain Al Fayda,city,4507.38,5.73,4.71,5.71,58.32
Ain Al Fayda2,island,1324.26,2.27,4.95,5.95,61.05
Ajban,island,52.33,2.92,4.93,5.93,75.05
Al 'Azeezah,island,22.37,4.64,5.44,6.44,81.85
Al Adlah,city,59.96,5.54,6.08,7.08,63.07
Al Ain Oasis,island,271.83,2.21,5.52,6.52,71.1
Al Ameriya,island,2381.14,3.57,5.49,6.49,36.47
Al Anja,island,1790.07,3.76,5.7,6.7,31.86
Al Ankah,island,19.54,5.09,4.6,5.6,59.8
Al Arad 1,waterfront,26.46,5.22,5.79,6.79,58.96
Al Arad 10,suburb,13.39,5.14,6.14,7.14,59.6
Al Aziriya,suburb,1298.88,3.36,6.02,7.02,40.85
Al Bahyah Farms,city,150.31,3.68,5.35,6.35,51.69
Al Bahyah Farms 1,city,214.71,2.12,4.68,5.68,52.24
Al Bahyah Farms 2,suburb,147.99,5.85,6.32,7.32,71.73
Al Bahyah New,waterfront,3364.66,5.22,6.33,7.33,46.58
Al Bahyah Old,waterfront,4507.17,4.03,6.32,7.32,36.94
Al Beda,suburb,55.52,5.51,6.45,7.45,78.86
Al Dafeinah,suburb,1407.5,5.29,6.08,7.08,72.72
Al Damsah 1,city,33.42,3.79,4.82,5.82,38.45
Al Damsah 2,waterfront,26.9,5.91,5.94,6.94,82.47
Al Dhafrah,island,81.09,2.05,5.17,6.17,34.68
Al Eidan Al Khodr,suburb,6054.28,2.08,5.69,6.69,44.67
Al Fadhiyah,city,7.91,3.31,6.03,7.03,64.77
Al Faya North,waterfront,51.11,5.77,6.01,7.01,38.72
Al Faya South,city,60.61,2.52,5.09,6.09,66.22
Al Gaseemah,waterfront,2190.73,3.93,5.7,6.7,60.49
Al Gellah,island,368.55,4.81,6.38,7.38,85.4
Al Ghadeer,island,3407.6,3.16,6.28,7.28,44.44
Al Ghail,waterfront,1895.12,5.83,6.18,7.18,70.31
Al Ghashbah,island,33.82,4.4,5.29,6.29,55.7
Al Graifah,suburb,393.99,3.25,5.98,6.98,42.12
Al Grayyeh,suburb,4450.27,4.69,5.23,6.23,88.26
Al Habooy,waterfront,3176.9,5.21,4.94,5.94,30.49
Al Hanyourah,waterfront,8793.36,4.17,4.56,5.56,74.84
Al Harmoozi,island,1325.79,5.85,5.78,6.78,64.12
Al Hayer 18,suburb,30.6,4.03,6.08,7.08,49.95
Al Hayer 6,city,38.23,5.23,4.52,5.52,52.12
Al Heeliya South,island,6234.3,3.5,5.13,6.13,56.58
Al Hidayriyyat Island,waterfront,9647.62,2.89,5.85,6.85,54.65
Al Hilaiw,suburb,3769.3,5.71,4.84,5.84,42.23
Al Howmanah,waterfront,91.24,4.87,5.26,6.26,50.11
Al Hulawi,suburb,16.43,4.03,4.89,5.89,74.4
Al Ifaz,city,2419.43,3.72,4.8,5.8,35.37
Al Jabib - East,suburb,15.99,2.63,5.42,6.42,38.71
Al Jarf,city,9569.99,2.12,5.0,6.0,42.88
Al Jeeah,island,45.11,2.25,5.56,6.56,75.77
Al Jizza,waterfront,1805.08,4.59,6.39,7.39,81.35
Al Khalidiyya,island,1971.05,2.33,5.12,6.12,60.11
Al Khatm New,city,1243.63,3.27,5.03,6.03,36.62
Al Khatm North,city,46.59,5.01,5.98,6.98,82.77
Al Khatm North West,suburb,1892.65,5.79,5.06,6.06,30.41
Al Khatm Old,waterfront,1305.49,3.37,5.11,6.11,40.23
Al Khatm South,island,53.48,2.9,4.82,5.82,67.41
Al Khatm West,waterfront,77.09,5.48,6.49,7.49,33.84
Al Khazna 3,city,695.51,4.63,4.88,5.88,73.16
Al Khaznah 1,city,598.17,4.93,5.94,6.94,38.6
Al Khowrah 1,suburb,91.18,2.27,5.03,6.03,81.01
Al Khowrah 2,waterfront,28.58,2.56,5.98,6.98,39.27
Al Khrais,city,1886.78,2.92,5.25,6.25,36.39
Al Khusoob,suburb,21.36,4.19,5.05,6.05,88.62
Al Kuwaitat,city,2987.88,5.95,5.11,6.11,78.41
Al Mafraq Industrial,island,1288.45,5.22,4.97,5.97,89.64
Al Mahatta,island,3493.63,5.14,6.47,7.47,67.67
Al Malaleeh,city,104.5,4.2,5.88,6.88,43.0
Al Marayegh,city,2355.08,2.74,5.67,6.67,50.35
Al Marfa,suburb,864.82,3.23,6.28,7.28,49.0
Al Marfa South,suburb,30.67,4.18,5.54,6.54,53.28
Al Masagi,waterfront,240.83,2.18,6.19,7.19,70.1
Al Mashall,waterfront,2910.94,4.71,6.06,7.06,73.83
Al Mergab,city,567.01,5.58,5.76,6.76,38.48
Al Meryal,waterfront,3519.05,4.1,6.36,7.36,81.55
Al Misbah,island,2263.15,5.49,5.0,6.0,84.63
Al Mnaizfah,city,2715.38,2.59,4.88,5.88,76.03
Al Mnaizlah,island,2198.83,4.86,6.03,7.03,82.55
Al Mragha,suburb,2474.57,4.97,5.13,6.13,66.4
Al Mraijeb,waterfront,2185.59,2.75,5.67,6.67,47.24
Al Muraikhat,suburb,328.96,5.15,5.1,6.1,37.17
Al Nabbagh2,waterfront,185.19,3.48,4.55,5.55,31.01
Al Nahdah Al Askariah,waterfront,3778.81,4.14,5.29,6.29,50.87
Al Nahdah Al Jadeedah,island,975.38,2.57,4.72,5.72,76.83
Al Nahdah East,island,89.8,4.78,5.48,6.48,53.99
Al Naseriyya,suburb,2450.74,5.35,5.92,6.92,69.44
Al Nayfa 1,waterfront,1579.02,4.78,5.44,6.44,38.49
Al Nayfa 2,island,4163.31,2.6,4.92,5.92,57.55
Al Nouf,city,63.57,3.42,4.91,5.91,78.41
Al Nudood,suburb,1647.8,5.86,5.25,6.25,55.21
Al Nyadat,suburb,2089.04,4.43,5.95,6.95,77.02
Al Oarah,waterfront,47.62,2.67,5.43,6.43,46.13
Al Owainah,suburb,5260.15,3.07,5.09,6.09,69.69
Al Oya,island,14.91,4.72,4.83,5.83,46.39
Al Quaa 1,suburb,5725.27,5.65,5.52,6.52,42.76
Al Ragayeb,city,3899.25,4.98,5.02,6.02,83.65
Al Rahbah Farms,waterfront,127.84,5.78,5.43,6.43,73.0
Al Raqiyah,island,6453.96,2.03,4.52,5.52,82.36
Al Reef,suburb,7961.43,2.6,5.87,6.87,60.21
Al Rifaa,waterfront,2184.21,3.13,4.81,5.81,36.65
Al Rubainah,suburb,14583.33,2.16,4.99,5.99,56.97
Al Rumailah,city,3386.27,5.18,6.35,7.35,82.24
Al Ruqayaat,city,386.55,4.44,5.65,6.65,61.32
Al Ruwaikah,city,2004.24,3.25,6.21,7.21,71.44
Al Sabla,suburb,13.96,3.04,6.26,7.26,73.05
Al Sader A,waterfront,4615.5,4.04,5.44,6.44,61.01
Al Sader C,island,8244.21,5.94,5.99,6.99,48.75
Al Sajaa,waterfront,5327.68,3.2,6.44,7.44,73.8
Al Salamat 1,suburb,2076.02,3.56,4.67,5.67,80.99
Al Salamat 2,waterfront,6333.48,2.69,5.98,6.98,30.55
Al Saleel,island,427.1,5.45,6.25,7.25,76.27
Al Salmah,waterfront,26.67,2.21,5.22,6.22,31.76
Al Samar,suburb,3435.63,2.28,5.27,6.27,82.95
Al Samhah East,suburb,2430.67,4.72,4.52,5.52,65.22
Al Samhah East Old,suburb,11557.93,2.6,5.5,6.5,89.5
Al Samhah Farms,suburb,112.59,3.04,5.2,6.2,71.79
Al Sarooj 7,suburb,7543.75,5.68,5.34,6.34,49.88
Al Sayh,suburb,12.11,3.94,5.36,6.36,42.14
Al Shabhat,waterfront,3498.81,3.44,4.56,5.56,39.59
Al Shahamah,city,4005.01,5.33,5.0,6.0,80.17
Al Shahamah Ii,suburb,112.42,4.92,6.25,7.25,43.69
Al Shahamah New,city,5869.12,3.48,6.26,7.26,57.5
Al Shahamah Old,city,4078.23,5.78,5.37,6.37,51.98
Al Shansoobah,island,36.33,5.33,5.77,6.77,85.07
Al Shatie Al Jadeedah,island,3891.04,3.42,5.62,6.62,43.83
Al Sheleilah,waterfront,7354.44,5.06,6.25,7.25,55.84
Al Shuabah,island,1199.3,3.6,5.94,6.94,40.77
Al Shubaisi East,island,46.97,3.04,6.45,7.45,89.16
Al Sidrah,suburb,2455.87,5.95,4.98,5.98,87.03
Al Suwaidah,city,24.12,3.61,5.22,6.22,45.38
Al Swuaifi,island,3658.76,3.68,4.93,5.93,33.24
Al Talaa,suburb,1406.21,4.83,5.9,6.9,36.72
Al Thugaibah,waterfront,1801.96,2.36,5.94,6.94,43.99
Al Tuwaissah,island,36.98,2.7,5.03,6.03,57.61
Al Wagan 11,waterfront,11.49,3.31,5.98,6.98,85.52
Al Waha Al Aamerah,suburb,3118.05,4.17,5.53,6.53,49.69
Al Wathbah Farms,waterfront,159.35,3.79,6.21,7.21,42.31
Al Wathbah North New,island,9901.53,3.89,6.32,7.32,58.19
Al Wathbah South,suburb,2977.91,5.5,4.89,5.89,32.55
Al Wathbah South New,city,2578.69,5.85,5.13,6.13,73.96
Al Zaafaran,island,2364.05,3.66,5.51,6.51,34.06
Aliyah,city,905.02,3.66,6.19,7.19,66.5
Aown,suburb,2615.06,3.04,6.13,7.13,49.0
Ba Al Ghaiylam,waterfront,5965.93,4.0,4.91,5.91,81.89
Bad'  Saif,island,9.12,3.58,4.75,5.75,35.71
Bad' Al Mutaw'Ah,city,218.91,3.29,4.5,5.5,53.9
Bad' Mubarak,city,4.99,5.56,4.65,5.65,80.43
Bayah East 2,waterfront,2472.98,5.94,4.94,5.94,73.46
Bayah Farms,waterfront,23.59,3.52,5.85,6.85,38.48
Bayah West 1,city,2159.45,3.62,5.34,6.34,50.6
Bayah West 3,suburb,595.25,5.88,6.37,7.37,54.49
Baynounah City,suburb,1424.59,3.18,6.31,7.31,36.09
Bida Al Awamer,suburb,26.47,2.1,4.82,5.82,78.32
Bida Al Mghanni,suburb,37.18,5.48,5.57,6.57,72.27
Bida Bin Ahmad,waterfront,26.65,3.74,6.49,7.49,46.1
Bida Bin Ammar,suburb,2969.35,5.01,6.29,7.29,44.05
Bida Harib,suburb,17.17,5.23,6.37,7.37,59.11
Bida Jadeed,suburb,7.0,3.23,5.36,6.36,62.41
Bida Jarash,island,5.32,2.27,6.01,7.01,53.05
Bida Murkhan,waterfront,40.76,2.97,5.65,6.65,51.51
Bida Murkhan North,suburb,30.0,5.04,5.02,6.02,52.6
Bida Shaaban,city,6.67,4.08,6.14,7.14,56.02
Bu Al Dhiyab,city,87.33,3.74,5.61,6.61,48.11
Bu Deeb,waterfront,33.16,5.28,4.84,5.84,78.88
Bu Hasa,island,737.45,2.11,5.64,6.64,61.74
Bu Hissn,suburb,26.93,4.88,5.98,6.98,49.66
Bu Samrah 2,island,28.13,5.62,5.05,6.05,46.96
Bu Seniyyah West,island,42.88,2.79,4.89,5.89,68.95
Civic Center,waterfront,4100.73,3.82,4.69,5.69,63.53
Defense North,suburb,20.44,5.88,5.63,6.63,68.5
Defense South,waterfront,39.46,3.88,6.28,7.28,75.27
Delma Farms,island,64.92,4.32,4.78,5.78,60.4
Dhaher 1,city,2833.82,4.91,4.81,5.81,36.14
Dhaher 3,island,2003.88,4.28,5.27,6.27,64.77
Dhaher 5,island,2644.29,2.79,5.58,6.58,65.42
Dhaher 9,city,1256.88,3.82,5.65,6.65,46.71
Dihan North,city,50.65,4.22,5.99,6.99,68.19
Dihan South,city,134.9,2.57,6.39,7.39,72.32
Dulaymah 1,city,421.88,5.99,5.12,6.12,45.94
Dulaymah 2,island,68.89,5.39,6.17,7.17,34.7
E1,island,4260.41,2.18,5.01,6.01,64.61
E10,waterfront,4429.99,3.02,4.76,5.76,88.78
E11,suburb,5170.29,2.78,5.49,6.49,77.8
E12,suburb,4403.48,2.77,4.78,5.78,35.42
E13,city,2648.13,4.34,4.93,5.93,38.17
E14,waterfront,6545.02,2.66,5.49,6.49,67.14
E15,island,4937.85,3.3,5.05,6.05,37.45
E16,suburb,3005.0,5.3,4.89,5.89,77.84
E16_01,waterfront,2792.52,2.23,5.5,6.5,85.42
E16_02,island,3758.34,4.88,4.84,5.84,47.85
E18_01,suburb,5572.7,4.26,4.76,5.76,72.19
E18_02,island,5524.21,2.09,6.31,7.31,63.72
E18_03,suburb,6126.18,4.55,5.0,6.0,48.38
E19,waterfront,6042.75,4.62,6.38,7.38,54.31
E19_01,city,7358.13,4.61,4.64,5.64,78.77
E19_02,island,8492.34,5.75,6.42,7.42,80.95
E2,suburb,3827.64,2.86,6.15,7.15,68.91
E20_01,suburb,6184.39,2.97,5.64,6.64,60.34
E20_02,suburb,5300.33,4.81,5.41,6.41,38.94
E21,waterfront,8228.8,3.18,5.47,6.47,39.22
E22,suburb,6333.14,5.02,4.76,5.76,52.47
E22_01,island,6391.35,3.82,5.35,6.35,66.43
E22_02,suburb,7694.47,5.71,5.97,6.97,31.8
E23,waterfront,6118.0,3.29,6.33,7.33,55.66
E25,suburb,9361.7,2.17,4.74,5.74,43.32
E26,waterfront,5679.38,3.67,5.69,6.69,57.72
E28,waterfront,6561.88,2.52,5.89,6.89,44.97
E29,city,1913.15,2.11,6.47,7.47,75.25
E3,city,5291.86,2.94,4.8,5.8,49.71
E30,suburb,9840.16,5.73,6.06,7.06,58.91
E31,waterfront,4320.65,4.05,5.09,6.09,40.61
E32,waterfront,5917.98,2.81,4.6,5.6,60.75
E33,city,7584.51,3.15,6.0,7.0,49.53
E36,waterfront,6049.83,4.76,5.49,6.49,56.93
E37,city,7112.67,2.08,6.04,7.04,31.65
E38,city,8649.13,3.14,5.0,6.0,56.3
E38_01,waterfront,4855.29,2.46,6.13,7.13,58.84
E39,city,7583.86,3.62,5.39,6.39,39.8
E40,suburb,8519.56,3.43,5.68,6.68,55.0
E41,waterfront,5998.33,4.77,5.41,6.41,56.46
E41_01,island,6439.15,3.16,4.94,5.94,31.0
E42,waterfront,8649.58,2.68,6.21,7.21,71.41
E43,island,7026.93,3.29,5.9,6.9,72.21
E48,suburb,14084.24,3.33,5.91,6.91,69.62
E4_01,waterfront,4854.34,3.99,6.36,7.36,81.82
E4_02,waterfront,5409.84,3.85,5.52,6.52,63.23
E5,suburb,4009.4,3.85,4.64,5.64,36.2
E6,waterfront,6028.45,5.52,5.12,6.12,54.61
E8,city,2745.2,3.13,5.13,6.13,52.12
E9_02,island,4292.62,5.56,6.02,7.02,79.25
EB10_A,waterfront,7354.75,5.06,5.11,6.11,35.12
EB10_B,island,5585.46,3.62,5.99,6.99,41.4
EB11_01,city,4040.68,3.26,5.76,6.76,32.5
EB11_02,suburb,2577.68,5.55,5.77,6.77,78.07
EB11_03,city,2397.32,2.96,6.37,7.37,74.68
EB11_04,city,2399.38,5.04,4.73,5.73,88.93
EB11_05,waterfront,2718.02,4.88,4.88,5.88,74.98
EB13,waterfront,3603.89,5.79,4.51,5.51,68.36
EB1_01,waterfront,5003.14,5.43,5.09,6.09,62.77
EB1_02,city,4383.28,4.53,5.85,6.85,66.9
EB1_03,city,6128.45,5.81,6.06,7.06,49.69
EB1_04,waterfront,3283.72,4.82,4.64,5.64,32.69
EB1_05,suburb,3654.14,3.13,4.97,5.97,85.82
EB1_06,waterfront,4548.26,4.18,5.97,6.97,75.71
EB2_02,suburb,3479.19,4.48,6.14,7.14,77.18
EB2_03,suburb,2732.29,4.74,6.0,7.0,30.84
EB2_04,suburb,8371.02,4.42,6.49,7.49,40.33
EB2_05,waterfront,16442.45,5.76,5.78,6.78,77.51
EB2_06,island,9426.29,4.18,4.67,5.67,49.47
EB3,city,2596.95,5.25,5.15,6.15,50.41
EB5,suburb,4447.86,2.63,5.3,6.3,64.67
EB6_01,island,10542.63,2.31,5.09,6.09,74.29
EB6_02,suburb,3281.58,4.49,5.94,6.94,48.01
EB6_03,city,6040.07,2.75,5.41,6.41,78.19
EB6_04,island,14921.29,4.35,5.57,6.57,45.45
EB7_B,city,4542.66,3.12,6.28,7.28,41.01
EB8,suburb,3990.76,5.04,5.66,6.66,60.56
EB9,city,4695.58,3.35,6.07,7.07,68.51
Eidan Al Jareh,city,2836.7,3.56,6.07,7.07,54.84
Eidan Al Mahaba,waterfront,3308.7,2.71,5.21,6.21,61.03
Eidan Al Ridda,waterfront,3315.23,3.45,6.23,7.23,56.04
FA1,island,5076.18,4.59,4.84,5.84,77.97
FA4,suburb,7600.27,2.19,5.04,6.04,73.83
Fahid Island,city,16537.66,2.05,5.82,6.82,69.09
Falaj Al Mazmi,waterfront,2096.88,3.4,5.49,6.49,46.68
Gafat Al Nayyar,island,5748.25,2.37,4.65,5.65,60.29
Galaat Al Muwaiji,suburb,11274.05,3.92,5.65,6.65,77.66
Ghafat Al Shwaihi,waterfront,2300.62,3.08,4.85,5.85,78.82
Ghantout,city,16791.16,2.08,5.81,6.81,46.21
Ghayathi,suburb,1238.39,4.74,6.1,7.1,77.85
Ghayathi North,suburb,1260.68,2.95,5.97,6.97,82.87
Ghnaymah,suburb,4100.67,4.34,5.23,6.23,43.66
Ghshabah,suburb,18.74,4.44,6.42,7.42,83.32
Ghummad,island,38.57,4.7,5.65,6.65,54.1
Giffin,waterfront,2263.5,4.21,4.98,5.98,67.77
Green Mubazzarah 2,suburb,6980.82,4.16,4.85,5.85,81.7
Hai Al Humaira,city,4223.08,4.8,5.26,6.26,61.94
Hai Al Jabal,suburb,5681.1,2.99,5.77,6.77,35.05
Hai Al Madheef,island,6160.8,3.3,5.98,6.98,31.83
Hai Al Murabbaa,island,2537.33,4.25,6.48,7.48,65.3
Hai Al Musalla,city,2699.11,3.88,5.1,6.1,61.69
Hai Al Mutawaa,city,1906.66,2.52,4.53,5.53,68.85
Hai Al Nad,city,6468.69,5.43,5.33,6.33,42.89
Hai Al Qalaa,city,2702.82,5.07,5.54,6.54,89.94
Hai Al Qasr,waterfront,1421.42,5.65,5.76,6.76,64.68
Hai Al Salama,city,6936.11,2.3,5.09,6.09,48.12
Hai Al Souq,island,7192.45,3.9,6.15,7.15,34.35
Hai Al Wadi,island,2074.48,3.24,5.43,6.43,71.48
Hai Hazaa Mosque,suburb,2635.1,3.64,4.89,5.89,63.9
Hai Qesaidah,city,4815.28,2.73,4.58,5.58,44.4
Hai Suroor,island,2443.09,5.85,5.8,6.8,63.07
Hai Zayed Mosque,city,5429.24,2.44,5.66,6.66,57.53
Hamran,island,14.36,3.83,6.42,7.42,79.97
Harat Mohd Ibn Khalifa,suburb,3284.28,5.53,5.89,6.89,46.49
Hazza Al Boush - East,suburb,29.48,3.27,4.64,5.64,74.51
Hazza Al Boush - West,city,4976.59,5.99,5.42,6.42,59.69
Hujayrah,waterfront,451.21,3.18,5.83,6.83,75.53
ICAD I,suburb,131.75,4.16,4.68,5.68,38.36
ICAD III,city,64.93,3.38,5.23,6.23,41.54
ICAD V,waterfront,1261.23,4.8,5.64,6.64,64.03
JN,city,2017.67,4.2,5.16,6.16,75.36
JS,suburb,13587.64,4.37,6.27,7.27,57.52
Jafeer Obaid,waterfront,1617.07,3.93,5.92,6.92,73.72
Jefeer Jedeed,city,4116.99,5.18,4.55,5.55,40.76
Jizat Wraigah,suburb,7922.36,5.7,5.14,6.14,48.49
KHIA9,suburb,475.87,3.53,5.52,6.52,73.84
Kasser Al Amwaj,city,16448.85,2.62,5.83,6.83,39.57
Khalifa Industrial City B,waterfront,175.02,3.78,4.82,5.82,63.67
Liwa - Ghyathi Road,suburb,7.88,2.19,5.74,6.74,57.43
M24,suburb,53.04,2.22,5.64,6.64,63.83
M36,suburb,73.37,2.87,5.9,6.9,51.03
ME10,city,5294.5,2.04,4.54,5.54,88.9
ME11,city,3446.71,2.67,5.57,6.57,83.39
ME12,suburb,3844.43,2.4,5.45,6.45,35.26
ME16,waterfront,1139.64,3.45,6.23,7.23,74.14
ME2,island,10632.57,2.94,6.16,7.16,31.3
ME5,city,2324.1,2.91,5.96,6.96,87.26
ME8,suburb,2870.94,5.95,5.59,6.59,56.14
ME9,island,6246.17,4.05,5.6,6.6,35.38
MI3,waterfront,4271.46,4.26,5.12,6.12,69.58
MI5,suburb,13887.62,5.82,5.68,6.68,78.82
MI9,waterfront,12902.14,2.27,5.47,6.47,54.74
MR1,city,2576.8,3.16,5.61,6.61,85.77
MR18,suburb,60.38,3.58,5.64,6.64,65.08
MR2,city,622.64,3.71,4.59,5.59,46.61
MR5,suburb,1014.57,5.02,5.51,6.51,50.03
MSH1,suburb,2150.41,2.11,5.2,6.2,50.8
MSH10,waterfront,4189.0,2.04,6.0,7.0,73.13
MSH11,waterfront,3076.98,5.98,5.9,6.9,32.43
MSH12,island,3293.69,4.05,6.0,7.0,36.91
MSH13,waterfront,5811.16,3.44,5.8,6.8,89.34
MSH14,city,6406.19,2.9,5.36,6.36,52.39
MSH15,suburb,4550.77,4.72,6.11,7.11,78.03
MSH16,waterfront,2739.78,3.36,4.63,5.63,60.33
MSH17,island,4509.46,5.54,5.49,6.49,39.06
MSH18,waterfront,6457.86,4.9,5.58,6.58,50.92
MSH19,suburb,3394.87,3.69,6.06,7.06,70.13
MSH2,suburb,4053.28,4.27,5.89,6.89,51.81
MSH20,city,4379.33,3.58,4.74,5.74,68.59
MSH21,city,3479.19,3.92,5.74,6.74,57.99
MSH22,waterfront,2023.11,5.26,5.22,6.22,37.5
MSH23,waterfront,4096.16,3.44,5.09,6.09,53.47
MSH24,city,4243.0,2.55,5.98,6.98,40.66
MSH25,city,2866.54,4.31,5.73,6.73,80.49
MSH26,island,3928.78,5.15,5.92,6.92,31.92
MSH27,city,5940.83,3.86,6.08,7.08,42.05
MSH28,island,3180.82,3.68,5.68,6.68,70.98
MSH3,suburb,4864.42,3.63,4.62,5.62,49.61
MSH34,waterfront,1708.85,5.1,5.33,6.33,64.3
MSH35,island,1925.96,5.5,4.52,5.52,83.75
MSH36,island,1921.97,5.42,5.01,6.01,42.68
MSH37,city,1839.92,5.54,5.02,6.02,85.61
MSH38,island,1812.45,3.15,6.06,7.06,43.96
MSH4,waterfront,7080.31,4.82,5.94,6.94,61.77
MSH44,city,1093.6,2.53,5.26,6.26,40.97
MSH5,island,3943.65,5.45,5.79,6.79,48.57
MSH6,island,4920.59,4.97,5.53,6.53,84.11
MSH7,waterfront,4622.02,3.47,6.11,7.11,31.23
MSH8,island,4140.67,2.86,5.5,6.5,88.52
MSH9,city,5114.68,2.72,5.19,6.19,39.14
MZ1,island,1159.36,4.36,5.48,6.48,83.52
MZ10,island,2580.04,3.57,6.27,7.27,60.34
MZ11,island,1140.2,3.81,6.28,7.28,58.09
MZ12,island,14348.16,3.98,6.25,7.25,37.37
MZ13,suburb,1301.93,3.91,5.36,6.36,50.0
MZ14,island,1772.71,2.99,4.59,5.59,75.14
MZ15,suburb,1708.38,5.96,4.82,5.82,39.97
MZ17,island,1494.55,4.51,5.99,6.99,38.2
MZ19,city,1203.17,4.1,6.32,7.32,74.84
MZ2,suburb,1749.32,3.01,5.44,6.44,31.74
MZ20,waterfront,1929.92,2.55,4.86,5.86,78.96
MZ21,waterfront,2053.98,5.96,4.71,5.71,55.87
MZ22,waterfront,2138.18,2.9,6.43,7.43,41.97
MZ29,suburb,50.0,5.4,5.7,6.7,54.78
MZ3,suburb,1294.22,3.6,5.57,6.57,63.19
MZ39,city,2242.19,4.62,5.08,6.08,76.96
MZ4,suburb,1240.18,5.99,5.7,6.7,55.74
MZ40,suburb,2164.09,2.66,5.84,6.84,43.01
MZ42,waterfront,1540.41,5.4,5.78,6.78,39.17
MZ43,waterfront,2499.73,2.74,5.35,6.35,46.4
MZ46,city,2235.69,5.94,5.73,6.73,58.84
MZ47,suburb,2282.01,2.9,6.46,7.46,39.78
MZ5,suburb,2714.89,5.02,4.97,5.97,44.91
MZ7,waterfront,1000.6,3.02,4.85,5.85,89.65
MZ8,island,1233.13,5.12,4.61,5.61,83.9
MZE11,city,1669.82,5.62,5.62,6.62,49.16
MZE1_01,island,1458.33,3.72,4.79,5.79,33.16
MZE1_02,waterfront,894.21,5.49,4.51,5.51,76.12
MZE1_05,suburb,789.81,2.48,5.44,6.44,84.19
MZE6,island,14323.23,3.44,4.55,5.55,80.07
MZE8,waterfront,2371.07,2.97,5.88,6.88,44.38
MZW11,suburb,349.54,4.26,5.19,6.19,31.9
MZW12,island,833.3,5.01,5.53,6.53,38.86
MZW13,city,3632.59,4.08,6.27,7.27,71.09
MZW15,suburb,4376.26,2.11,5.09,6.09,50.11
MZW16,island,3997.41,4.93,5.02,6.02,85.55
MZW17,suburb,1047.4,5.28,4.69,5.69,34.51
MZW18,island,595.48,3.03,5.61,6.61,62.42
MZW19,city,617.28,4.51,5.92,6.92,59.28
MZW2,island,6772.96,5.73,4.8,5.8,34.41
MZW21,waterfront,1746.17,5.66,5.72,6.72,40.98
MZW23,city,663.63,3.76,5.61,6.61,57.44
MZW3,waterfront,3231.16,2.91,5.13,6.13,88.38
MZW6,waterfront,613.61,3.8,5.65,6.65,54.73
Maadhi,suburb,2934.19,3.19,5.12,6.12,60.63
Madinat Nahil,waterfront,1652.53,3.23,5.98,6.98,42.03
Madinat Zayed 5,suburb,18.05,5.48,4.9,5.9,77.05
Mahdar Abu Awana,island,9.48,2.07,6.08,7.08,39.4
Mahdar Al 'Id,island,22.77,5.28,5.06,6.06,58.67
Mahdar Al Bar,suburb,21.76,2.1,5.14,6.14,50.77
Mahdar Al Dhuaiher,island,37.92,3.59,5.55,6.55,73.44
Mahdar Al Gaida,suburb,17.01,5.35,4.61,5.61,54.44
Mahdar Al Ghuwaitat,island,15.78,4.23,5.19,6.19,70.83
Mahdar Al Hadabah,city,12.23,4.25,5.7,6.7,63.4
Mahdar Al Hadhi,waterfront,30.33,3.81,5.67,6.67,68.62
Mahdar Al Harmah,waterfront,8.5,3.36,5.52,6.52,58.45
Mahdar Al Haylah,suburb,22.58,4.51,4.97,5.97,56.17
Mahdar Al Huaidiyyat,island,19.17,3.42,5.1,6.1,78.0
Mahdar Al Huiteen,suburb,15.9,4.07,6.04,7.04,41.58
Mahdar Al Huwailah East,suburb,16.7,5.66,4.76,5.76,80.99
Mahdar Al Huwethah,island,19.57,2.62,5.23,6.23,38.85
Mahdar Al Jabbana,suburb,39.63,4.46,5.73,6.73,53.49
Mahdar Al Khair,waterfront,14.06,3.71,4.52,5.52,75.79
Mahdar Al Ladeem,city,6.83,5.47,6.45,7.45,73.77
Mahdar Al Lagain,city,7.44,2.06,5.9,6.9,37.9
Mahdar Al Lehwairah,island,21.12,3.94,4.82,5.82,41.92
Mahdar Al Lhyali,island,12.0,4.69,4.88,5.88,67.99
Mahdar Al Liyeef,suburb,143.75,4.3,4.57,5.57,85.34
Mahdar Al Mariyah Al Gharbiyyah,city,41.9,5.01,6.17,7.17,45.29
Mahdar Al Mariyah Al Sharqiyyah,city,128.36,4.4,4.77,5.77,43.51
Mahdar Al Mashroub,city,14.73,3.95,6.13,7.13,70.95
Mahdar Al Meel,island,13.7,5.48,6.16,7.16,59.54
Mahdar Al Mnaiwer,waterfront,9.06,5.73,5.17,6.17,74.93
Mahdar Al Mudrakah,city,74.63,2.92,5.85,6.85,67.77
Mahdar Al Muselmiyat,waterfront,17.08,5.43,6.28,7.28,44.74
Mahdar Al Nashama,suburb,7.86,4.65,6.43,7.43,77.27
Mahdar Al Qareeb,city,12.67,5.4,4.87,5.87,77.73
Mahdar Al Raygah,city,19.85,5.27,5.31,6.31,73.37
Mahdar Al Rifee'Ah,waterfront,13.58,3.68,5.36,6.36,55.21
Mahdar Al Ruwaidhah,waterfront,30.72,4.73,4.94,5.94,39.89
Mahdar Al Sabkhah,city,13.7,4.18,5.92,6.92,34.04
Mahdar Al Salmi,suburb,20.94,2.07,5.61,6.61,62.43
Mahdar Al Tarq,island,12.0,4.75,5.73,6.73,37.44
Mahdar Al Tharwaniyyah,suburb,86.53,4.25,4.72,5.72,42.99
Mahdar Al Wafd,city,8.99,5.44,6.25,7.25,42.51
Mahdar Al Wahidah East,suburb,14.01,2.15,5.21,6.21,52.12
Mahdar Al Yariyah,island,78.98,5.53,6.37,7.37,60.94
Mahdar Al Yazi,island,19.92,4.76,4.58,5.58,43.49
Mahdar As Seaibah,suburb,12.0,3.8,5.85,6.85,47.06
Mahdar Attab,suburb,11.6,4.79,6.37,7.37,76.03
Mahdar Bu Sadden,city,12.64,4.04,4.6,5.6,76.84
Mahdar Dahin,city,11.76,2.41,6.18,7.18,52.31
Mahdar Dhafeer,city,381.38,2.1,4.98,5.98,77.04
Mahdar Edhaij,city,10.76,5.92,5.42,6.42,62.42
Mahdar Hafeef,suburb,33.59,4.67,6.25,7.25,82.07
Mahdar Hameem,city,16.92,4.09,5.63,6.63,40.97
Mahdar Hamroor,island,93.27,2.53,5.05,6.05,34.74
Mahdar Hasheem,waterfront,18.16,5.02,5.92,6.92,63.79
Mahdar Hisan,waterfront,9.93,4.66,5.07,6.07,81.44
Mahdar Jarmada,city,455.38,2.56,5.69,6.69,77.46
Mahdar Jarrah,suburb,1374.24,2.24,5.93,6.93,35.94
Mahdar Jiremdah,suburb,8.83,3.84,5.76,6.76,85.24
Mahdar Kayyah,suburb,20.88,4.63,5.32,6.32,56.43
Mahdar Khanoor,island,385.12,2.91,4.98,5.98,30.76
Mahdar Latir,island,19.4,2.1,6.46,7.46,71.41
Mahdar Marwan,city,19.87,5.08,6.33,7.33,49.86
Mahdar Mulqatah,waterfront,13.53,5.48,6.24,7.24,57.9
Mahdar Muqab,waterfront,11.75,5.09,5.54,6.54,75.75
Mahdar Musel Aburahma,suburb,13.56,2.24,6.01,7.01,61.12
Mahdar Musel Al Shidud,island,13.22,3.07,4.71,5.71,64.16
Mahdar Mzeer'Ah,waterfront,378.81,4.16,5.22,6.22,41.76
Mahdar Mzeer'Ah New,island,17.65,4.66,4.9,5.9,44.71
Mahdar Nafeer,waterfront,409.35,5.06,5.96,6.96,71.82
Mahdar Nashash,city,8.8,4.84,5.91,6.91,35.47
Mahdar New Hameem,waterfront,12.37,5.9,5.47,6.47,72.55
Mahdar Qutuf,island,47.03,3.27,6.27,7.27,79.49
Mahdar Radom,suburb,28.11,3.46,5.62,6.62,81.25
Mahdar Sareet,island,10.69,2.11,6.04,7.04,33.89
Mahdar Seih Al Khair,suburb,25.58,3.56,5.22,6.22,45.65
Mahdar Shah,island,10.69,3.59,5.28,6.28,38.55
Mahdar Shamkhat Mzeer'Ah,city,17.87,5.26,6.02,7.02,68.09
Mahdar Uhaimer,suburb,9.21,3.04,5.55,6.55,61.62
Mahdar Um Al Hisin,suburb,10.54,2.92,4.57,5.57,74.05
Mahdar Um Grain,suburb,20.75,3.21,4.67,5.67,55.91
Mahdar Wasit,island,11.83,5.07,5.78,6.78,66.31
Mahdar Widheel,city,195.49,5.47,5.43,6.43,36.44
Mahdar Widheel New,waterfront,8.8,3.35,4.62,5.62,60.03
Mahdar Widheel South,city,45.58,3.0,5.04,6.04,86.66
Mahdar Yareirah,waterfront,6.72,5.78,5.68,6.68,81.84
Mahdar Ythay,suburb,6.92,5.91,5.76,6.76,45.66
Majlood,city,2834.38,4.84,4.94,5.94,87.09
Makhoola,island,803.24,2.55,6.08,7.08,85.27
Manazef,waterfront,2269.5,5.81,4.64,5.64,59.72
Maraba' Al Sila',city,4653.89,5.75,4.93,5.93,78.1
Maraba' Ghayathi,waterfront,1853.64,3.76,6.38,7.38,52.74
Marina Royal Compound,island,11503.28,5.39,5.36,6.36,33.43
Markhan,suburb,95.09,3.27,5.16,6.16,56.11
Mazyad 1,suburb,4946.0,3.21,4.76,5.76,55.08
Mazyad 2,island,1875.41,2.49,5.28,6.28,74.57
Mazyad 4,city,2036.84,3.26,6.06,7.06,33.05
Mghayel Mutawaa,island,156.25,5.34,5.76,6.76,89.33
Mreifia,city,3952.66,5.96,6.27,7.27,38.04
Muaifaa,waterfront,2936.51,4.51,5.8,6.8,54.76
Nad Al Gorban,island,2125.8,5.22,5.79,6.79,61.26
Nad Al Rusas,island,2893.19,3.48,6.17,7.17,36.22
Nad Al Shareea,island,1169.65,2.81,6.27,7.27,63.16
Nahshilah,island,1763.57,4.5,5.01,6.01,76.39
Nakhel Al Ghabat,waterfront,23.31,3.79,5.43,6.43,68.36
Nakhel Al Zera'A,suburb,16.66,2.08,4.76,5.76,59.25
Ndood Jham,waterfront,2650.48,4.62,5.98,6.98,48.94
Neima 1,suburb,3473.24,3.56,6.16,7.16,58.81
Neima 2,city,6022.27,5.98,5.5,6.5,74.4
Nigha Al Llihmah,island,18.95,5.85,4.5,5.5,59.27
Nourai Island,city,5932.62,2.32,6.17,7.17,47.46
Oud Al Hassah,island,2555.85,5.28,5.38,6.38,74.24
Oud Bin Sag-Han,city,2984.9,5.94,4.9,5.9,81.91
Qasr Al Wathbah South,suburb,108.56,5.42,5.05,6.05,73.13
RB10,city,4444.54,4.1,5.95,6.95,79.92
RB11,island,4125.33,5.92,4.71,5.71,39.0
RB12,city,6149.8,3.49,5.56,6.56,46.95
RB15,island,11677.63,4.47,6.05,7.05,45.51
RB19,island,5812.91,4.78,6.49,7.49,36.49
RB2,suburb,3584.43,5.93,4.69,5.69,58.31
RB20,waterfront,5612.07,2.13,5.22,6.22,30.04
RB22,island,852.24,2.92,5.69,6.69,69.93
RB27,city,7282.3,2.84,4.86,5.86,59.72
RB3,city,5651.14,3.58,5.64,6.64,66.08
RB4,suburb,6112.59,5.34,5.36,6.36,33.57
RB5,city,5414.12,3.25,5.04,6.04,33.42
RB7,suburb,4309.36,4.59,5.32,6.32,73.24
RB8,city,5771.82,4.73,5.75,6.75,41.48
RB9,city,6530.9,3.99,5.69,6.69,60.11
RBE2,suburb,3080.73,3.9,4.84,5.84,83.65
RBW10,suburb,8719.96,4.17,6.48,7.48,67.78
RBW12,city,7293.84,2.54,5.76,6.76,61.46
RBW15,city,17800.57,2.39,4.68,5.68,46.58
RBW2,city,11860.79,4.25,6.45,7.45,35.85
RBW3,city,10964.26,4.13,5.28,6.28,39.53
RBW4,island,13760.22,4.09,4.88,5.88,44.85
RBW5,suburb,12492.69,3.3,5.8,6.8,72.71
RBW6,city,12876.56,4.5,4.86,5.86,49.43
RD10,island,11510.66,5.09,4.73,5.73,39.71
RD100,city,1923.58,2.68,4.79,5.79,72.21
RD11,suburb,2093.76,3.51,6.28,7.28,84.14
RD115,city,1928.52,3.49,5.58,6.58,35.47
RD12,city,4815.16,2.52,6.28,7.28,62.8
RD13,suburb,3977.33,4.08,5.76,6.76,46.64
RD130,city,1761.82,3.28,4.85,5.85,71.94
RD131,island,1793.53,2.19,5.61,6.61,41.51
RD14,city,5937.34,2.55,5.14,6.14,72.77
RD147,city,2261.72,4.98,5.89,6.89,46.41
RD15,waterfront,4868.79,4.26,6.45,7.45,38.79
RD152,city,1456.35,4.68,5.9,6.9,49.83
RD153,city,2000.0,2.47,5.22,6.22,45.1
RD154,island,1271.51,5.87,6.09,7.09,42.43
RD16,suburb,4468.27,2.19,4.84,5.84,89.36
RD17,waterfront,2572.47,2.95,5.76,6.76,46.45
RD18,city,6247.09,4.96,4.96,5.96,47.64
RD19,suburb,5868.57,2.68,5.17,6.17,78.67
RD20,waterfront,2424.37,3.59,6.41,7.41,58.38
RD21,waterfront,3113.33,3.61,6.07,7.07,69.19
RD23,island,9099.12,2.3,6.4,7.4,88.99
RD24,island,5571.1,2.48,4.98,5.98,58.1
RD25,suburb,5284.51,3.45,6.06,7.06,79.44
RD26,island,1606.08,5.36,4.62,5.62,54.93
RD27,city,1801.88,3.28,5.13,6.13,78.4
RD28,waterfront,2478.77,5.23,6.43,7.43,75.48
RD29,suburb,2995.26,3.97,5.49,6.49,69.92
RD30,suburb,3037.41,2.47,5.64,6.64,57.55
RD31,island,5103.78,5.13,5.45,6.45,53.95
RD32,suburb,3837.02,5.91,6.49,7.49,39.1
RD34,suburb,95.24,3.24,4.54,5.54,51.2
RD48,city,1743.13,5.05,5.27,6.27,87.14
RD5,suburb,133.42,3.49,4.65,5.65,55.2
RD50,city,828.72,2.3,5.29,6.29,79.15
RD51,waterfront,446.4,4.76,6.26,7.26,78.43
RD57,city,1154.23,5.63,5.66,6.66,86.11
RD59,suburb,1643.97,4.29,5.91,6.91,82.93
RD60,city,1512.66,4.34,6.21,7.21,73.3
RD65,waterfront,2191.98,2.85,4.77,5.77,52.18
RD66,suburb,1314.46,3.19,6.33,7.33,35.05
RD7,suburb,5631.56,3.24,6.33,7.33,33.1
RD72,waterfront,800.07,5.28,6.27,7.27,88.75
RD79,waterfront,1809.63,4.4,6.02,7.02,78.76
RD8,city,732.24,3.4,5.9,6.9,30.4
RD81,suburb,2094.6,5.1,5.85,6.85,71.08
RD83,city,2142.78,3.77,5.77,6.77,36.84
RD9,city,1542.18,2.56,5.22,6.22,48.84
RD91,island,2047.62,3.32,5.09,6.09,32.31
RR10,city,15795.58,3.98,6.25,7.25,30.93
RR2,island,12652.18,4.9,4.75,5.75,44.75
RR3,suburb,12366.42,4.0,5.85,6.85,75.25
RR4,island,4822.79,4.19,5.88,6.88,41.22
RR6,island,12.77,4.52,5.08,6.08,61.56
RR9,waterfront,16018.36,2.27,6.02,7.02,62.82
RS1,island,13965.1,3.73,5.27,6.27,86.47
RS2,waterfront,12179.73,2.73,5.71,6.71,88.29
RS3,suburb,13902.64,5.75,5.77,6.77,62.8
RS4,island,13627.38,3.85,5.48,6.48,44.95
RS5,island,13099.2,4.75,5.92,6.92,86.18
RS6,island,11581.06,5.88,6.18,7.18,77.81
RT1,island,9662.22,4.86,5.8,6.8,78.18
RT2,city,15557.62,3.61,6.09,7.09,52.87
RT3,suburb,11959.15,5.41,6.11,7.11,47.39
RT4,waterfront,17066.65,4.27,5.77,6.77,86.64
RT5,city,4644.39,3.1,4.56,5.56,82.71
RT6,waterfront,13044.59,5.94,5.78,6.78,69.88
RT7,city,11356.44,4.06,4.51,5.51,85.51
RT8,city,11507.71,3.11,5.91,6.91,83.85
Rahbah_Awhad,waterfront,3938.96,3.05,5.87,6.87,34.1
Rahbah_B,waterfront,7685.21,4.89,4.97,5.97,44.25
Rahbah_D,city,1744.85,4.09,5.73,6.73,80.84
Rahbah_E,waterfront,3440.05,4.82,5.72,6.72,53.48
Rahbah_F,waterfront,3779.63,3.22,4.76,5.76,52.36
Rahbah_G,waterfront,3605.87,4.37,4.81,5.81,84.88
Rahbah_H,suburb,2386.83,4.43,6.47,7.47,41.06
Rahbah_J,island,2543.88,2.44,5.01,6.01,48.57
Rahbah_K,waterfront,2148.51,5.59,5.74,6.74,72.99
Rahbah_L,suburb,2806.48,4.9,6.23,7.23,32.61
Rahbah_M,city,5985.3,2.82,4.61,5.61,50.99
Rahbah_N,city,1993.62,4.48,6.25,7.25,83.66
Rahbah_P,city,5835.34,5.9,6.26,7.26,49.1
Rahbah_Q,suburb,2832.13,2.03,5.0,6.0,47.07
Rahbah_R,suburb,1684.8,2.59,6.1,7.1,47.26
Ramhan Island,waterfront,15392.04,4.65,6.47,7.47,32.79
Ramlat Aawad Shaheen,suburb,1044.77,5.06,4.94,5.94,64.62
Ramlat Addimah,suburb,1543.23,5.59,4.62,5.62,65.97
Ramlat Al Hayer,island,1075.69,4.86,6.22,7.22,58.02
Ramlat Al Saad,suburb,68.79,5.13,4.58,5.58,58.78
Ramlat Al Shuwaib,city,804.51,5.71,4.66,5.66,39.93
Ramlat Sweihan 3,suburb,35.5,5.17,5.19,6.19,43.52
Ramlat Zakher,island,3579.9,5.66,5.31,6.31,57.01
Ras Al Sader,island,999.75,5.14,5.8,6.8,52.59
Riqaitoh,city,1366.08,2.02,4.62,5.62,77.24
SDE2,suburb,16903.82,2.07,6.19,7.19,65.13
SDE3,suburb,12858.35,3.15,5.21,6.21,40.89
SDN1,island,15149.21,5.7,5.38,6.38,76.22
SDN2,island,13804.68,5.51,6.41,7.41,54.68
SDN3,island,2716.89,4.87,4.73,5.73,44.65
SDN4,island,13574.67,4.95,4.94,5.94,80.58
SDN5,suburb,1494.26,2.12,6.0,7.0,75.94
SDN6,waterfront,2732.17,3.32,5.08,6.08,70.27
SDN7,waterfront,13595.81,4.83,5.06,6.06,84.4
SDN8,island,19092.78,2.12,5.03,6.03,48.86
SDW4,city,15135.93,2.49,5.01,6.01,43.97
SE1,waterfront,5438.3,4.09,6.18,7.18,67.79
SE11,city,2794.65,2.82,6.0,7.0,48.87
SE12,suburb,3990.16,2.57,5.71,6.71,77.05
SE13,waterfront,7078.84,5.53,4.65,5.65,80.37
SE14,island,2048.55,2.05,5.95,6.95,71.08
SE15,waterfront,7341.87,2.11,5.5,6.5,82.81
SE16,city,6104.05,2.34,5.54,6.54,46.66
SE2,island,4984.68,3.67,5.14,6.14,35.75
SE22,waterfront,5051.93,5.81,5.78,6.78,83.07
SE23,suburb,5077.5,2.37,4.9,5.9,83.72
SE24,city,3718.95,2.57,4.76,5.76,82.38
SE25,suburb,4434.96,2.91,4.75,5.75,31.14
SE26,waterfront,3830.6,2.64,5.54,6.54,88.08
SE26_01,suburb,5376.13,4.42,5.48,6.48,32.1
SE3,city,3720.24,4.74,5.3,6.3,69.3
SE34,suburb,5357.76,3.45,4.94,5.94,45.25
SE35,waterfront,5226.36,3.95,6.44,7.44,44.33
SE36,island,4300.59,4.21,5.08,6.08,83.86
SE38,city,3438.12,4.56,6.01,7.01,47.35
SE39,waterfront,3832.7,2.9,5.56,6.56,41.83
SE4,island,4180.32,4.2,5.52,6.52,31.06
SE40,suburb,2310.92,5.88,6.11,7.11,50.89
SE41,island,3224.21,3.33,5.01,6.01,39.31
SE42,suburb,6504.99,5.65,4.74,5.74,55.39
SE44,island,4210.82,5.83,5.59,6.59,39.96
SE45,waterfront,3518.61,5.39,5.07,6.07,75.93
SE45_01,island,10812.38,4.61,5.97,6.97,34.65
SE45_02,island,12922.86,4.51,5.21,6.21,54.84
SE45_04,waterfront,7071.33,4.93,6.05,7.05,72.46
SE45_05,island,11407.19,3.97,6.43,7.43,53.6
SE47,suburb,6732.79,2.65,4.66,5.66,66.45
SE5,suburb,5437.51,5.94,5.8,6.8,43.81
SE6,waterfront,4879.64,4.27,5.99,6.99,64.83
SE6_01,waterfront,6235.55,2.77,5.59,6.59,83.21
SH11,city,7157.55,5.57,6.36,7.36,85.02
SH12,waterfront,10000.0,2.39,5.08,6.08,61.93
SH14,island,5338.36,5.77,4.81,5.81,77.25
SH15,suburb,3069.6,4.33,6.36,7.36,64.16
SH17,city,4400.2,4.8,5.33,6.33,38.2
SH2,city,7748.1,2.08,6.08,7.08,50.12
SH20,suburb,3920.08,2.92,6.3,7.3,71.87
SH21,suburb,4806.74,2.69,4.74,5.74,86.46
SH23,waterfront,4042.06,4.33,5.45,6.45,38.5
SH24,waterfront,4254.02,5.84,6.45,7.45,61.32
SH26,suburb,3134.39,2.83,5.35,6.35,80.14
SH3,suburb,4484.86,3.9,6.47,7.47,80.02
SH31,suburb,2148.19,5.53,4.83,5.83,66.36
SH35,island,1666.33,2.53,5.12,6.12,40.2
SH36,suburb,6846.01,5.69,4.91,5.91,34.33
SH9,waterfront,1070.22,5.84,4.85,5.85,79.11
SHM1,island,3509.96,4.85,4.67,5.67,44.43
SHM10,city,10618.16,2.42,6.39,7.39,52.05
SHM12,suburb,2595.32,3.56,5.89,6.89,72.06
SHM2,suburb,4337.72,3.63,6.09,7.09,40.8
SHM6,city,3331.23,3.79,5.26,6.26,70.66
SHM7,city,3217.87,2.68,4.55,5.55,33.3
SHM8,city,589.2,5.4,5.1,6.1,49.35
SHM9,suburb,6358.68,5.74,5.45,6.45,77.17
SW1,island,7963.76,3.93,5.75,6.75,57.97
SW11,city,4738.16,2.75,4.66,5.66,89.1
SW12,city,4085.05,3.41,6.4,7.4,37.08
SW13,city,3141.82,4.49,4.56,5.56,35.62
SW14,city,5434.25,3.5,4.54,5.54,83.0
SW15,waterfront,3309.41,3.53,5.07,6.07,63.26
SW17,suburb,7443.08,4.08,6.21,7.21,33.23
SW18,city,6590.13,5.22,5.28,6.28,54.69
SW2,waterfront,4221.45,2.88,5.82,6.82,50.81
SW3,city,5324.05,4.05,5.7,6.7,73.19
SW4,suburb,5246.01,3.5,6.01,7.01,72.38
SW5,city,4593.0,3.19,5.12,6.12,39.51
SW6,city,2126.19,2.44,4.83,5.83,31.3
SW6_01,waterfront,8258.22,2.66,4.87,5.87,36.63
Sadarah,city,20.21,5.28,5.22,6.22,42.43
Samhah_T,island,4502.32,4.9,6.11,7.11,33.8
Samhah_U,city,4713.24,3.48,4.51,5.51,60.5
Saq Al Awir,city,15.77,4.92,5.21,6.21,63.15
Sayh Al Daay,island,0.48,5.75,6.36,7.36,35.88
Sayh Hirz,island,20.76,5.62,5.55,6.55,73.25
Sayh Madhran,city,22.35,2.3,6.21,7.21,72.72
Sayh Nashash,waterfront,1150.38,3.76,6.33,7.33,46.14
Seih Al Sedeirah 1,waterfront,7304.33,4.4,5.23,6.23,84.53
Seih Al Sedeirah 2,island,8033.77,2.53,4.77,5.77,70.89
Seih Al Sedeirah 3,suburb,7290.97,3.02,5.24,6.24,42.58
Seih Al Sedeirah 4,city,7498.91,4.43,6.0,7.0,76.77
Seih Al Sedeirah 7,waterfront,9446.69,5.17,6.47,7.47,86.06
Shabhanat Al Khabisi,suburb,2398.04,2.76,5.61,6.61,50.89
Shabiat Al Shuwaib,waterfront,2595.43,2.19,5.75,6.75,49.41
Shabiat Delma,suburb,1454.54,2.31,4.63,5.63,40.83
Shabiat Suweihan,city,891.2,2.02,4.99,5.99,86.64
Shabiat Umm Ghaffa,suburb,1247.1,2.33,5.92,6.92,62.55
Shabiyat Al Maqam,island,3650.89,3.2,5.22,6.22,58.17
Shareat Al Jimi,island,147.14,5.68,6.2,7.2,40.61
Shareat Al Mutaredh,city,498.92,4.0,4.74,5.74,73.85
Shareat Al Muwaiji,city,3818.74,3.87,6.47,7.47,78.67
Shareat Al Qattara,city,215.22,5.9,5.61,6.61,47.39
Shareat Hili,city,2339.35,3.13,5.93,6.93,61.17
Shibak 1,waterfront,958.87,4.55,4.85,5.85,66.85
Shibak 3,city,674.14,2.29,4.94,5.94,45.0
Shiebat Al Watah 1,city,104.17,3.88,5.75,6.75,54.17
Shiebat Al Watah 2,island,3615.44,4.09,5.5,6.5,88.29
Shiebat Bin Anbar,city,2417.1,3.52,5.51,6.51,67.86
Slemi,city,3809.23,2.7,5.67,6.67,39.69
Taboon,waterfront,15.15,2.69,6.02,7.02,88.36
Twam,suburb,6222.19,2.19,5.2,6.2,84.19
Ugdat Al Ameriya,suburb,3414.17,5.57,5.98,6.98,48.68
Ugdat Al Mutawaa,suburb,755.86,2.36,5.04,6.04,49.73
Ugdat Al Muwaiji,island,4296.81,3.96,4.96,5.96,37.25
Um Al Dakhan,island,27.68,4.8,5.53,6.53,41.3
Um Al Mader,city,3524.97,2.41,5.86,6.86,84.43
Um Al Owsh,island,5411.94,4.35,4.65,5.65,65.65
Um Al Qtta,suburb,3650.35,5.72,5.57,6.57,84.94
Um Al Sidir,city,2439.75,5.63,5.49,6.49,72.11
Um Ghaffa 2,suburb,2028.77,4.17,5.93,6.93,72.75
Um Ghaffa 3,city,836.82,5.38,5.46,6.46,73.84
Umm Al Ghurban,island,41.67,4.38,6.09,7.09,60.73
W1,city,9231.19,4.63,5.92,6.92,56.7
W10,city,5602.2,3.55,6.28,7.28,49.27
W11,suburb,7798.83,4.22,5.67,6.67,68.92
W13_02,city,5027.43,5.64,5.69,6.69,69.58
W14_01,waterfront,6529.68,3.61,5.11,6.11,52.36
W14_02,waterfront,6534.94,4.2,5.79,6.79,52.63
W15_01,waterfront,5467.19,2.0,5.0,6.0,77.96
W15_02,island,6077.72,4.77,6.11,7.11,56.24
W16,island,6648.62,4.29,6.35,7.35,57.08
W17_01,suburb,9034.32,2.4,5.31,6.31,47.47
W17_02,suburb,8818.66,5.8,6.42,7.42,33.46
W17_03,island,9469.08,4.97,5.44,6.44,63.48
W18_01,island,10246.46,4.86,6.46,7.46,37.52
W18_02,waterfront,11659.24,4.59,4.53,5.53,31.69
W18_03,island,8138.1,2.1,5.64,6.64,89.22
W19_01,suburb,1009.59,4.41,4.87,5.87,36.22
W2,city,17748.55,4.88,5.58,6.58,74.96
W21,waterfront,5817.73,5.86,4.55,5.55,80.43
W22,waterfront,5664.44,3.1,5.32,6.32,46.28
W24_01,suburb,4584.27,3.35,4.59,5.59,42.8
W24_02,island,4787.6,5.1,5.87,6.87,31.04
W25,city,6189.51,3.17,5.25,6.25,30.44
W25_01,city,6946.06,4.42,6.03,7.03,49.07
W29,city,6810.45,4.33,5.09,6.09,41.01
W31,island,6396.62,3.32,5.19,6.19,74.71
W32,city,4929.84,2.4,5.13,6.13,48.47
W35,island,7960.56,4.75,5.06,6.06,36.75
W36,island,5230.46,4.17,4.96,5.96,38.84
W37,city,4992.71,5.56,6.07,7.07,48.79
W39,city,7568.37,2.08,6.37,7.37,34.41
W4,waterfront,5449.58,4.11,6.29,7.29,53.48
W46,city,8077.37,5.05,5.48,6.48,43.27
W46_01,suburb,7446.95,3.91,5.79,6.79,71.07
W46_02,suburb,5557.09,4.62,6.35,7.35,38.8
W47,suburb,6345.73,4.43,4.58,5.58,39.53
W48,suburb,7556.45,5.55,5.36,6.36,72.96
W49,island,6807.26,3.36,5.99,6.99,79.7
W5,island,6079.84,2.54,5.53,6.53,71.91
W50,suburb,1678.3,4.73,5.14,6.14,76.74
W50_01,island,7994.65,2.76,4.83,5.83,73.65
W51,island,13020.88,4.5,5.07,6.07,89.85
W52,island,5893.28,3.66,4.55,5.55,61.79
W52_01,waterfront,7499.08,3.96,5.53,6.53,66.83
W52_02,city,5676.26,5.72,5.47,6.47,33.64
W57,suburb,5485.63,4.28,6.16,7.16,48.94
W59_01,island,9867.04,3.57,4.94,5.94,73.86
W6,suburb,5666.06,3.95,4.98,5.98,42.95
W66,city,5933.33,5.64,4.69,5.69,88.31
W7_01,waterfront,5683.78,4.13,5.41,6.41,36.2
W8,waterfront,5270.9,2.04,5.98,6.98,40.61
W9,city,7958.58,5.77,5.36,6.36,84.66
W9_01,suburb,8509.12,3.86,5.73,6.73,60.88
WB2,waterfront,7157.42,5.21,5.63,6.63,60.99
WB3_A,suburb,4388.33,3.64,5.94,6.94,67.86
WB4,suburb,5121.93,2.53,6.25,7.25,68.91
Wadi Al Ain 2,city,720.98,3.49,6.14,7.14,40.01
Wadi Al Ain 3,waterfront,603.11,5.4,4.97,5.97,52.68
Wadi Al Ain 4,waterfront,796.3,5.15,6.49,7.49,52.34
Wadi Al Darb East,waterfront,17.56,2.51,4.91,5.91,85.63
Wadi Al Khabb,island,60.31,5.85,5.38,6.38,55.29
Wadi Bin Shami,waterfront,2144.78,4.13,4.59,5.59,34.9
Wadi Maad,city,37.7,2.27,5.45,6.45,77.89
Wadi Massakin,island,24.71,4.46,6.49,7.49,30.1
YN2,suburb,3202.22,5.56,5.95,6.95,71.32
YN3,city,5326.21,5.96,6.43,7.43,34.33
YN4,waterfront,11046.04,4.94,6.01,7.01,42.53
YN5,waterfront,12668.58,4.47,4.88,5.88,64.86
YN6,waterfront,11459.81,2.99,4.81,5.81,67.91
YN7,city,13297.25,3.72,5.45,6.45,70.58
YS1,waterfront,14862.59,3.69,4.65,5.65,90.0
YS2,city,15185.63,2.2,5.66,6.66,86.63
YS3_01,island,8772.5,3.24,6.0,7.0,56.01
YS3_02,city,5970.96,4.38,5.56,6.56,85.62
YS3_03,suburb,3161.37,5.02,4.71,5.71,40.39
YS3_04,city,9015.56,3.94,4.53,5.53,37.62
YS3_05,city,8804.48,3.92,5.05,6.05,50.73
YS3_06,island,16405.18,5.71,5.94,6.94,74.77
YS6,city,16207.4,2.87,5.34,6.34,75.47
Yaw Al Nadhrah,waterfront,9.37,2.27,5.88,6.88,49.26
Z1,suburb,4597.58,3.64,6.13,7.13,58.49
Z12,suburb,5247.84,3.39,5.03,6.03,58.15
Z12_01,city,9991.45,3.17,5.39,6.39,48.68
Z13,island,4059.65,5.13,4.52,5.52,66.53
Z13_01,suburb,5489.66,4.27,4.6,5.6,61.56
Z14,waterfront,3184.89,3.58,5.01,6.01,37.12
Z16,suburb,1691.1,5.32,5.5,6.5,58.61
Z17,island,3347.05,3.5,5.4,6.4,52.97
Z18,suburb,5327.64,2.6,5.89,6.89,36.45
Z19,suburb,4143.14,5.52,6.09,7.09,67.18
Z2,island,3520.26,4.6,4.89,5.89,41.53
Z20,island,3300.43,2.45,6.05,7.05,59.0
Z21,city,3201.53,4.48,5.84,6.84,37.96
Z22,waterfront,3351.68,3.69,5.69,6.69,32.94
Z24,city,4478.85,2.94,4.91,5.91,75.13
Z25,suburb,2340.16,4.58,5.97,6.97,44.36
Z26,city,3985.92,4.55,5.08,6.08,30.02
Z27,waterfront,4508.33,3.95,6.32,7.32,52.97
Z29,suburb,6944.44,5.19,4.53,5.53,81.58
Z30,island,3830.59,2.22,5.39,6.39,35.67
Z31,city,4058.42,2.22,5.35,6.35,35.79
Z32,suburb,1422.04,3.03,5.67,6.67,54.14
Z33,island,3793.91,2.7,6.38,7.38,69.09
Z34,city,2559.68,4.02,6.15,7.15,87.07
Z35,island,4989.63,5.56,5.38,6.38,35.9
Z36,waterfront,3056.29,3.32,5.56,6.56,43.74
Z36_01,waterfront,5855.24,4.1,6.24,7.24,87.4
Z4,waterfront,1450.49,5.93,4.55,5.55,35.88
Z5,city,6628.01,5.42,5.32,6.32,41.18
Z6,city,2937.78,4.28,5.33,6.33,53.21
Z7,island,2203.56,2.41,5.2,6.2,36.04
Z8,waterfront,3576.9,4.68,5.77,6.77,58.66
Zakhir South,waterfront,3853.46,5.56,5.69,6.69,77.43
Zuwagher,city,27.71,4.17,4.9,5.9,66.36
